{
  "Total" : {
    "transaction" : "Total",
    "sampleCount" : 10000,
    "errorCount" : 0,
    "errorPct" : 0.0,
    "meanResTime" : 109.64429999999999,
    "medianResTime" : 94.0,
    "minResTime" : 88.0,
    "maxResTime" : 2167.0,
    "pct1ResTime" : 103.0,
    "pct2ResTime" : 131.0,
    "pct3ResTime" : 522.9499999999989,
    "throughput" : 17.909079186784535,
    "receivedKBytesPerSec" : 5.963863283880396,
    "sentKBytesPerSec" : 0.0
  },
  "ALTAVOCE" : {
    "transaction" : "ALTAVOCE",
    "sampleCount" : 10000,
    "errorCount" : 0,
    "errorPct" : 0.0,
    "meanResTime" : 109.64429999999999,
    "medianResTime" : 94.0,
    "minResTime" : 88.0,
    "maxResTime" : 2167.0,
    "pct1ResTime" : 103.0,
    "pct2ResTime" : 131.0,
    "pct3ResTime" : 522.9499999999989,
    "throughput" : 17.909079186784535,
    "receivedKBytesPerSec" : 5.963863283880396,
    "sentKBytesPerSec" : 0.0
  }
}