{
  "GeneraANPR" : {
    "transaction" : "GeneraANPR",
    "sampleCount" : 1,
    "errorCount" : 0,
    "errorPct" : 0.0,
    "meanResTime" : 20510.0,
    "medianResTime" : 20510.0,
    "minResTime" : 20510.0,
    "maxResTime" : 20510.0,
    "pct1ResTime" : 20510.0,
    "pct2ResTime" : 20510.0,
    "pct3ResTime" : 20510.0,
    "throughput" : 0.04875670404680644,
    "receivedKBytesPerSec" : 0.012712929668454411,
    "sentKBytesPerSec" : 0.0
  },
  "Total" : {
    "transaction" : "Total",
    "sampleCount" : 1,
    "errorCount" : 0,
    "errorPct" : 0.0,
    "meanResTime" : 20510.0,
    "medianResTime" : 20510.0,
    "minResTime" : 20510.0,
    "maxResTime" : 20510.0,
    "pct1ResTime" : 20510.0,
    "pct2ResTime" : 20510.0,
    "pct3ResTime" : 20510.0,
    "throughput" : 0.04875670404680644,
    "receivedKBytesPerSec" : 0.012712929668454411,
    "sentKBytesPerSec" : 0.0
  }
}